<?xml version="1.0" encoding="utf-8"?>
<extension type="module" version="4.0" client="site" method="upgrade">
    <name>qrcodegenerate</name>
    <version>2.0</version>
    <description>QR code generator</description>
    <creationDate>2025-03-01</creationDate>
    <author>Bosqweb.net</author>
    <authorEmail>infos@bosqweb.net</authorEmail>
    <authorUrl>https://www.bosqweb.net</authorUrl>
    <copyright>(C) 2011-2025 Bosqweb.net</copyright>
    <license>GNU General Public License version 2 or later; see LICENSE.txt</license>
<namespace path="src">Bosqweb\Module\Qrcodegenerate</namespace>
    <!-- Définition de l'entrée principale du module -->
    <files>
        <filename module="mod_qrcodegenerate">mod_qrcodegenerate.php</filename>
        <filename>index.html</filename>
        <filename>mod_qrcodegenerate.xml</filename>
        <folder>tmpl</folder>
        <folder>language</folder>
        <folder>src</folder>
    </files>

    <!-- Définition des fichiers de langue -->
    <languages>
        <language tag="en-GB">language/en-GB/en-GB.mod_qrcodegenerate.ini</language>
        <language tag="fr-FR">language/fr-FR/fr-FR.mod_qrcodegenerate.ini</language>
    </languages>

    <!-- Paramètres du module visibles dans l'administration Joomla -->
    <config>
        <fields name="params">
            <fieldset name="basic">
                <field
                    name="title"
                    type="text"
                    label="MOD_QRCODEGENERATE_TITLE"
                    description="MOD_QRCODEGENERATE_TITLE_DESC"
                    default="QR-Code Generator"
                />
                <field
                    name="google_api_key"
                    type="text"
                    label="MOD_QRCODEGENERATE_GOOGLE_API_KEY"
                    description="MOD_QRCODEGENERATE_GOOGLE_API_KEY_DESC"
                    default=""
                />
            </fieldset>
        </fields>
    </config>

    <!-- Serveur de mise à jour -->
    <updateservers>
        <server type="extension" priority="1" name="QR Code Generator">
            https://www.bosqweb.net/updates/update.php
        </server>
    </updateservers>
</extension>

